{
  "inputNodes": 5,
  "hiddenNodes": [
    8
  ],
  "outputNodes": 2,
  "learningRate": 0.1,
  "wHH": [
    [
      [
        0.2840584316850142,
        0.7025025122602722,
        -0.44564028705520525,
        -0.05996201752847399,
        -0.9341364397012702,
        -0.8273682716976505,
        -0.00964443409922493,
        -0.15088649206167282
      ],
      [
        0.45221909100632884,
        -0.09392235374605054,
        0.48393942212938224,
        -0.06329745397160758,
        0.06608634961595872,
        -0.5748141623738844,
        0.5680124199555117,
        -0.559701720295761
      ],
      [
        0.41733683882888084,
        -0.13250532460934314,
        -0.020019079253997513,
        0.2323455395827909,
        0.15152766395296882,
        -0.17950994269342405,
        -0.2049701827874716,
        0.2822804328015332
      ],
      [
        0.5036447123590705,
        0.2138120845709627,
        0.17734430055697517,
        -0.14597568875647882,
        -0.13778294006787678,
        0.3027657413772671,
        0.4600976049077675,
        0.5576721916379527
      ],
      [
        -0.4210230623834634,
        0.26457853486162186,
        -0.0569539032605543,
        0.5437045176918976,
        -0.14253117785982242,
        -0.2655635158313414,
        0.716104674202397,
        0.195240546436816
      ]
    ]
  ],
  "wHO": [
    [
      -0.28129332770967713,
      -0.11567622644562804
    ],
    [
      0.30675434008173774,
      -0.7862138656508613
    ],
    [
      -0.36408883904330175,
      0.795926544842492
    ],
    [
      -0.06222616841230308,
      -0.20788130043294775
    ],
    [
      -0.23713124358422952,
      0.24001751101161872
    ],
    [
      0.46948572682257966,
      0.4136139159446788
    ],
    [
      0.22655733798319375,
      0.6154377123820255
    ],
    [
      0.44723435762770547,
      -0.1937011870989893
    ]
  ]
}
