{
  "inputNodes": 5,
  "hiddenNodes": [
    8
  ],
  "outputNodes": 2,
  "learningRate": 0.1,
  "wHH": [
    [
      [
        0.46225703009631924,
        0.9936472423580156,
        -1.2898421384907954,
        0.12264201517129647,
        -1.6033666223825955,
        0.6005234133736748,
        -1.3406783182253525,
        -0.17577948699090706
      ],
      [
        1.0923846486043125,
        -0.8732458395397587,
        1.610319511276572,
        -0.44271560296234724,
        0.6630068177509969,
        -0.31819079517270776,
        0.3535633081416428,
        0.6939207755397229
      ],
      [
        2.358158052555614,
        0.046857509124840116,
        -0.8125389992932102,
        0.4818843168209368,
        0.08798945820100186,
        -0.927749029007544,
        -0.6841790386056117,
        0.0070092936860695065
      ],
      [
        -0.1828607691231445,
        0.6447124282042606,
        0.14815627069610732,
        1.020455532363084,
        -0.5026111188290714,
        0.9925306578636646,
        0.5107139550118274,
        -0.6785601461010229
      ],
      [
        -0.3755516799462659,
        -0.7197309541889628,
        -0.4110079647317757,
        0.7725279249539121,
        -0.4025774648233654,
        -0.3305486871528041,
        -0.5879111836755926,
        0.17396924291722166
      ]
    ]
  ],
  "wHO": [
    [
      -0.5271801626965207,
      -0.5856101727854086
    ],
    [
      0.16642763689725543,
      -0.8706695539342979
    ],
    [
      -0.8002717767409454,
      0.951201362626004
    ],
    [
      -0.7459021548059502,
      -0.8175782890319501
    ],
    [
      -1.161394024831858,
      0.5812674673353511
    ],
    [
      1.0639676890948266,
      0.5982663356019849
    ],
    [
      0.8387845824497715,
      1.1232961117645752
    ],
    [
      0.29120075527658507,
      -0.5144772007486768
    ]
  ]
}
