{
  "inputNodes": 5,
  "hiddenNodes": [
    8
  ],
  "outputNodes": 2,
  "learningRate": 0.1,
  "wHH": [
    [
      [
        -0.023826787000583334,
        0.9788072635578525,
        -0.36627161042847634,
        -0.16400989067803978,
        -1.08237956183991,
        -1.2647556578858776,
        -0.194579192850223,
        -0.5720876600907809
      ],
      [
        0.4900280819215695,
        -0.46316312153394823,
        0.49159952033844917,
        -0.10967416166577815,
        0.06826844227065382,
        -0.8566119686940729,
        0.6148589566748184,
        -0.27146701512297755
      ],
      [
        0.6330131528726846,
        -0.23612456985206234,
        -0.11222612422084141,
        0.27013842609243877,
        0.4004300114939131,
        -0.21681032261772354,
        -0.5682849732222983,
        0.17421664407122586
      ],
      [
        0.285389990836179,
        0.24555376164943238,
        0.09171819215509641,
        0.030583286720085645,
        -0.144934432672842,
        0.3956064498067905,
        0.6369701648020112,
        0.6377908240242273
      ],
      [
        -0.34342604027426665,
        0.2586775443220452,
        0.13745540913808588,
        0.8298727657370156,
        -0.30845997034182215,
        -0.29029698700727574,
        0.6168675420666825,
        0.08422745082110913
      ]
    ]
  ],
  "wHO": [
    [
      -0.4878685797887595,
      -0.31616983442289603
    ],
    [
      0.32969642015642175,
      -0.7711335118779757
    ],
    [
      -0.36408883904330175,
      0.801428470355388
    ],
    [
      -0.14771357244668806,
      -0.20788130043294775
    ],
    [
      -0.21640859091024311,
      -0.06480203369004102
    ],
    [
      0.24320324882211303,
      0.4136139159446788
    ],
    [
      0.39500007453640396,
      0.6421799178939437
    ],
    [
      0.45185646336513025,
      -0.07205070554150861
    ]
  ]
}
