{
  "inputNodes": 5,
  "hiddenNodes": [
    8
  ],
  "outputNodes": 2,
  "learningRate": 0.1,
  "wHH": [
    [
      [
        0.16570964826194384,
        -0.39400576185954533,
        -0.9149063863215288,
        -0.5950695282080813,
        0.9275559685606355,
        0.6049723089488402,
        -0.27855039030996304,
        -0.455520016366534
      ],
      [
        0.004477231079952404,
        0.14327472059871146,
        -1.098367284655753,
        0.14441938790050707,
        -0.28619676263793675,
        -0.09584052323231117,
        0.4404635534754144,
        0.5637515401731159
      ],
      [
        -0.0009014885734863337,
        0.14432805747976987,
        -0.13959245391501834,
        -0.9254837673735119,
        -0.1275898097718915,
        0.397705595133717,
        1.1358705776556228,
        -0.8394331675282206
      ],
      [
        0.07672334695275766,
        -0.535373718447062,
        -0.05876183577823287,
        -0.2818843748271761,
        0.0604375851318064,
        -0.026972225444129472,
        0.35908196572001594,
        -0.03726952062165023
      ],
      [
        -0.4860087294947913,
        0.016545123790543098,
        0.48112567890148833,
        0.20119483749845368,
        0.30802366269239434,
        0.3182490675847752,
        0.5787312485288708,
        -0.12364791562293798
      ]
    ]
  ],
  "wHO": [
    [
      0.023892714604749933,
      0.30904973181080225
    ],
    [
      -0.5686612691594711,
      -0.4493170540778685
    ],
    [
      0.02767305582931836,
      0.5420135832410584
    ],
    [
      -0.19370852064841562,
      0.9971419366681579
    ],
    [
      0.24396105913155722,
      -0.6532889135510448
    ],
    [
      -0.016265225814684883,
      -0.4882010614542469
    ],
    [
      -0.17460854230967723,
      -0.44737455424601263
    ],
    [
      -0.18288851824540972,
      0.48579934885408294
    ]
  ]
}
